receiver_lang,receiver_word,donor_lang,donor_word,class
ru,абсент,en,absinthe,altered
ru,авантюрист,en,adventurer,altered
ru,аватар,en,avatar,transparent
ru,август,en,august,transparent
ru,авеню,en,avenue,transparent
ru,авиалиния,en,airline,altered
ru,авиатор,en,aviator,transparent
ru,аврора,en,aurora,altered
ru,австрия,en,austria,transparent
ru,автограф,en,autograph,transparent
ru,автоматизация,en,automation,altered
ru,автоматизировать,en,automate,altered
ru,автоматический,en,automatic,transparent
ru,автомобиль,en,automobile,altered
ru,автопилот,en,autopilot,transparent
ru,авторизация,en,authorisation,transparent
ru,авторитарный,en,authoritarian,altered
ru,ага,en,aha,transparent
ru,агар,en,agar,transparent
ru,агент,en,agent,transparent
ru,агитатор,en,agitator,transparent
ru,агония,en,agony,transparent
ru,агора,en,agora,transparent
ru,агрессивный,en,aggressive,altered
ru,агрессия,en,aggression,transparent
ru,агрессор,en,aggressor,transparent
ru,адаптация,en,adaptation,transparent
ru,адаптер,en,adopter,altered
ru,админ,en,admin,transparent
ru,административный,en,administrative,transparent
ru,администратор,en,administrator,transparent
ru,администрация,en,administration,transparent
ru,адмирал,en,admiral,transparent
ru,адреналин,en,adrenaline,transparent
ru,адъютант,en,adjutant,transparent
ru,азия,en,asia,transparent
ru,айфон,en,iphone,transparent
ru,академик,en,academic,altered
ru,академия,en,academy,transparent
ru,аква,en,aqua,transparent
ru,аквариум,en,aquarium,transparent
ru,аккордеон,en,accordion,altered
ru,аккредитация,en,accreditation,transparent
ru,аккумулировать,en,accumulate,transparent
ru,аккумулятор,en,accumulator,altered
ru,акриловый,en,acrylic,transparent
ru,акробат,en,acrobat,transparent
ru,акробатический,en,acrobatic,transparent
ru,акселерометр,en,accelerometer,transparent
ru,аксон,en,axon,transparent
ru,активация,en,activation,transparent
ru,активист,en,activist,transparent
ru,актуальный,en,actual,transparent
ru,акустический,en,acoustic,altered
ru,акцент,en,accent,transparent
ru,акция,en,action,altered
ru,алгебра,en,algebra,transparent
ru,алгебраический,en,algebraic,transparent
ru,алгоритм,en,algorithm,transparent
ru,алерт,en,alert,transparent
ru,алкалоид,en,alkaloid,transparent
ru,алкоголизм,en,alcoholism,transparent
ru,алкоголь,en,alcohol,transparent
ru,алкогольный,en,alcoholic,transparent
ru,аллах,en,allah,transparent
ru,аллель,en,allele,transparent
ru,аллерген,en,allergen,transparent
ru,аллергический,en,allergic,transparent
ru,аллергия,en,allergy,transparent
ru,аллигатор,en,alligator,transparent
ru,алоэ,en,aloe,transparent
ru,алфавит,en,alphabet,transparent
ru,альпака,en,alpaca,transparent
ru,альтер,en,alter,transparent
ru,альтернатива,en,alternative,transparent
ru,альфа,en,alpha,transparent
ru,алюминий,en,aluminum,altered
ru,амбивалентность,en,ambivalence,altered
ru,амбиция,en,ambition,transparent
ru,америка,en,america,transparent
ru,амин,en,amine,altered
ru,амино,en,amino,transparent
ru,аминь,en,amen,transparent
ru,аммиак,en,ammonia,altered
ru,амнезия,en,amnesia,transparent
ru,амнистия,en,amnesty,transparent
ru,амплитуда,en,amplitude,transparent
ru,ампутация,en,amputation,transparent
ru,амстердам,en,amsterdam,transparent
ru,амфитеатр,en,amphitheatre,altered
ru,анаграмма,en,anagram,altered
ru,анализ,en,analysis,transparent
ru,анализатор,en,analyzer,transparent
ru,анализировать,en,analyze,transparent
ru,аналитик,en,analytic,altered
ru,аналог,en,analog,transparent
ru,анархия,en,anarchy,transparent
ru,анафема,en,anathema,transparent
ru,андроид,en,android,transparent
ru,анекдот,en,anecdote,transparent
ru,анемия,en,anemia,transparent
ru,аниматор,en,animator,transparent
ru,аниме,en,anime,transparent
ru,анион,en,anion,transparent
ru,аннотация,en,annotation,transparent
ru,анод,en,anode,transparent
ru,аномалия,en,anomaly,transparent
ru,анонимный,en,anonymous,transparent
ru,ансамбль,en,ensemble,transparent
ru,антагонист,en,antagonist,transparent
ru,анти,en,anti,transparent
ru,антибиотик,en,antibiotic,transparent
ru,антиген,en,antigen,transparent
ru,антиквар,en,antiquarian,altered
ru,антология,en,anthology,transparent
ru,антропогенный,en,anthropogenic,altered
ru,антропологический,en,anthropological,altered
ru,анус,en,anus,transparent
ru,аорта,en,aorta,transparent
ru,апекс,en,apex,transparent
ru,апокалипсис,en,apocalypse,transparent
ru,аппендикс,en,appendix,transparent
ru,аппетит,en,appetite,transparent
ru,апрель,en,april,altered
ru,араб,en,arab,transparent
ru,арбитр,en,arbiter,altered
ru,арбитраж,en,arbitrage,transparent
ru,аргентина,en,argentina,transparent
ru,аргон,en,argon,transparent
ru,аргумент,en,argument,transparent
ru,арена,en,arena,transparent
ru,аристократ,en,aristocrat,transparent
ru,аристократия,en,aristocracy,transparent
ru,ария,en,aria,transparent
ru,арсенал,en,arsenal,transparent
ru,артерия,en,artery,altered
ru,артефакт,en,artifact,transparent
ru,артикль,en,article,transparent
ru,артистический,en,artistic,transparent
ru,артрит,en,arthritis,transparent
ru,архив,en,archive,transparent
ru,архивист,en,archivist,transparent
ru,архитектор,en,architect,altered
ru,архитектура,en,architecture,altered
ru,аспект,en,aspect,transparent
ru,аспирант,en,aspirant,transparent
ru,аспирин,en,aspirin,transparent
ru,ассасин,en,assassin,transparent
ru,ассистент,en,assistant,transparent
ru,астер,en,aster,transparent
ru,астероид,en,asteroid,transparent
ru,астма,en,asthma,transparent
ru,астролог,en,astrologer,transparent
ru,астронавт,en,astronaut,transparent
ru,астрономия,en,astronomy,transparent
ru,астрофизик,en,astrophysics,transparent
ru,атака,en,attack,transparent
ru,атеизм,en,atheism,transparent
ru,атлет,en,athlete,transparent
ru,атмосфера,en,atmosphere,transparent
ru,атмосферный,en,atmospheric,transparent
ru,атриум,en,atrium,transparent
ru,атташе,en,attache,transparent
ru,аттракцион,en,attraction,altered
ru,аудио,en,audio,transparent
ru,аудиовизуальный,en,audiovisual,transparent
ru,аудит,en,audit,transparent
ru,аудитор,en,auditor,transparent
ru,аукцион,en,auction,transparent
ru,аура,en,aura,transparent
ru,аутизм,en,autism,transparent
ru,аутоиммунный,en,autoimmune,transparent
ru,ацетат,en,acetate,transparent
ru,ашрам,en,ashram,transparent
ru,аэробный,en,aerobic,altered
ru,аэродинамический,en,aerodynamic,altered
ru,аэрозоль,en,aerosol,transparent
ru,аэропорт,en,airport,altered
ru,аятолла,en,ayatollah,transparent
ru,бадминтон,en,badminton,transparent
ru,базальт,en,basalt,transparent
ru,базар,en,bazaar,transparent
ru,байк,en,bike,transparent
ru,балаклава,en,balaclava,transparent
ru,балерина,en,ballerina,transparent
ru,балет,en,ballet,transparent
ru,баллистический,en,ballistic,transparent
ru,банан,en,banana,transparent
ru,бандит,en,bandit,transparent
ru,банк,en,bank,transparent
ru,банкер,en,banker,transparent
ru,банкет,en,banquet,transparent
ru,банкинг,en,banking,transparent
ru,баптист,en,baptist,transparent
ru,баритон,en,baritone,transparent
ru,барометр,en,barometer,transparent
ru,барон,en,baron,transparent
ru,баррикада,en,barricade,transparent
ru,баск,en,basque,altered
ru,басс,en,bass,transparent
ru,бастард,en,bastard,transparent
ru,бастион,en,bastion,transparent
ru,батальон,en,battalion,transparent
ru,батарея,en,battery,transparent
ru,батон,en,baton,transparent
ru,бежевый,en,beige,transparent
ru,бекон,en,bacon,transparent
ru,берг,en,berg,transparent
ru,бериллий,en,beryllium,altered
ru,бета,en,beta,transparent
ru,биатлон,en,biathlon,transparent
ru,библиографический,en,bibliographic,transparent
ru,библиография,en,bibliography,transparent
ru,бизон,en,bison,transparent
ru,билет,en,billet,altered
ru,бильярд,en,billiard,transparent
ru,бинарный,en,binary,transparent
ru,биография,en,biography,transparent
ru,биолог,en,biologist,altered
ru,биологический,en,biologic,transparent
ru,биология,en,biology,altered
ru,биометрический,en,biometric,transparent
ru,биопсия,en,biopsy,transparent
ru,биотехнология,en,biotech,transparent
ru,бип,en,beep,altered
ru,биполярный,en,bipolar,transparent
ru,бистро,en,bistro,transparent
ru,битум,en,bitumen,transparent
ru,блейзер,en,blazer,altered
ru,блиц,en,blitz,transparent
ru,блог,en,blog,transparent
ru,блокада,en,blockade,transparent
ru,блокбастер,en,blockbuster,transparent
ru,блондин,en,blonde,altered
ru,блуза,en,blouse,transparent
ru,блюз,en,blues,transparent
ru,боа,en,boa,transparent
ru,бодибилдинг,en,bodybuilding,transparent
ru,бойлер,en,boiler,transparent
ru,боксёр,en,boxer,transparent
ru,болгария,en,bulgaria,transparent
ru,боливия,en,bolivia,transparent
ru,болонья,en,bologna,transparent
ru,большевик,en,bolshevik,altered
ru,бомба,en,bomb,transparent
ru,бомбардир,en,bombardier,transparent
ru,бонус,en,bonus,transparent
ru,бордюр,en,border,transparent
ru,борис,en,boris,altered
ru,босс,en,boss,transparent
ru,ботанический,en,botanic,altered
ru,ботокс,en,botox,transparent
ru,бравада,en,bravado,transparent
ru,бравый,en,bravo,transparent
ru,бранч,en,brunch,transparent
ru,браузер,en,browser,transparent
ru,бренди,en,brandy,transparent
ru,бриг,en,brig,transparent
ru,бригада,en,brigade,transparent
ru,бристоль,en,bristol,altered
ru,британец,en,brit,altered
ru,бронхит,en,bronchitis,transparent
ru,брут,en,brute,altered
ru,брутальный,en,brutal,altered
ru,брюнет,en,brunette,altered
ru,буг,en,boogie,transparent
ru,буддизм,en,buddhism,transparent
ru,буддист,en,buddhist,transparent
ru,букер,en,booker,transparent
ru,букет,en,bouquet,transparent
ru,бульдог,en,bulldog,transparent
ru,бульдозер,en,bulldozer,transparent
ru,бунгало,en,bungalow,transparent
ru,бункер,en,bunker,transparent
ru,бург,en,burg,transparent
ru,бурка,en,burka,transparent
ru,бутик,en,boutique,altered
ru,бутон,en,button,transparent
ru,буфет,en,buffet,transparent
ru,бюджет,en,budget,transparent
ru,бюллетень,en,bulletin,altered
ru,бюро,en,bureau,transparent
ru,бюрократ,en,bureaucrat,transparent
ru,вагин,en,vagina,transparent
ru,вагон,en,wagon,transparent
ru,вакантный,en,vacant,transparent
ru,вакцина,en,vaccine,transparent
ru,вакцинация,en,vaccination,transparent
ru,валет,en,valet,transparent
ru,вальс,en,waltz,altered
ru,ваниль,en,vanilla,transparent
ru,варварский,en,barbaric,altered
ru,вариант,en,variety,altered
ru,ватикан,en,vatican,transparent
ru,вегетарианец,en,vegetarian,transparent
ru,вектор,en,vector,transparent
ru,венесуэла,en,venezuela,transparent
ru,вентилятор,en,ventilator,transparent
ru,веранда,en,veranda,transparent
ru,верба,en,verb,transparent
ru,вербальный,en,verbal,transparent
ru,верификация,en,verification,altered
ru,версия,en,version,transparent
ru,вертикальный,en,vertical,transparent
ru,ветеран,en,veteran,transparent
ru,вето,en,veto,transparent
ru,вибратор,en,vibrator,transparent
ru,виза,en,visa,transparent
ru,визирь,en,vizier,altered
ru,викинг,en,viking,transparent
ru,википедия,en,wikipedia,transparent
ru,виктор,en,victor,transparent
ru,вилла,en,villa,transparent
ru,вино,en,vino,transparent
ru,виола,en,viola,transparent
ru,виртуальный,en,virtual,altered
ru,виртуоз,en,virtuoso,altered
ru,вирусный,en,viral,altered
ru,витамин,en,vitamin,transparent
ru,вог,en,vogue,altered
ru,водка,en,vodka,transparent
ru,вокальный,en,vocal,transparent
ru,волга,en,volga,transparent
ru,волгоград,en,volgograd,transparent
ru,волонтёр,en,volunteer,transparent
ru,вояж,en,voyage,transparent
ru,вулкан,en,volcano,altered
ru,вулканический,en,volcanic,altered
ru,вульгарный,en,vulgar,transparent
ru,гавана,en,havana,altered
ru,газета,en,gazette,transparent
ru,гала,en,gala,transparent
ru,галактика,en,galaxy,transparent
ru,галерея,en,gallery,transparent
ru,галлий,en,gallium,transparent
ru,гамбит,en,gambit,transparent
ru,гамбургер,en,hamburger,altered
ru,гамма,en,gamma,transparent
ru,гангрена,en,gangrene,transparent
ru,гангстер,en,gangster,transparent
ru,гараж,en,garage,transparent
ru,гарем,en,harem,transparent
ru,гармонизировать,en,harmonise,altered
ru,гармоника,en,harmonica,transparent
ru,гармонический,en,harmonic,altered
ru,гармония,en,harmony,transparent
ru,гейзер,en,geyser,transparent
ru,гейша,en,geisha,transparent
ru,гелий,en,helium,transparent
ru,гель,en,gel,transparent
ru,гематома,en,hematoma,transparent
ru,гемоглобин,en,hemoglobin,transparent
ru,ген,en,genome,transparent
ru,генератор,en,generator,transparent
ru,генетик,en,genetics,transparent
ru,генетический,en,genetic,transparent
ru,гений,en,genius,transparent
ru,генитальный,en,genital,altered
ru,география,en,geography,transparent
ru,геолог,en,geologist,transparent
ru,геометрический,en,geometric,altered
ru,геометрия,en,geometry,transparent
ru,геополитика,en,geopolitics,transparent
ru,гепарин,en,heparin,transparent
ru,гепатит,en,hepatitis,altered
ru,герма,en,germ,transparent
ru,гермес,en,hermes,transparent
ru,героин,en,heroin,transparent
ru,героиня,en,heroine,altered
ru,героический,en,heroic,transparent
ru,герой,en,hero,transparent
ru,герпес,en,herpes,transparent
ru,гетто,en,ghetto,transparent
ru,гештальт,en,gestalt,transparent
ru,гиацинт,en,hyacinth,altered
ru,гибридизация,en,hybridization,transparent
ru,гигант,en,giant,transparent
ru,гигиена,en,hygiene,transparent
ru,гидравлика,en,hydraulics,altered
ru,гидравлический,en,hydraulic,transparent
ru,гидроксид,en,hydroxide,altered
ru,гидролиз,en,hydrolysis,altered
ru,гидрология,en,hydrology,transparent
ru,гильотина,en,guillotine,altered
ru,гимназия,en,gymnasium,altered
ru,гипербола,en,hyperbole,transparent
ru,гипноз,en,hypnosis,transparent
ru,гипнотический,en,hypnotic,altered
ru,гипоксия,en,hypoxia,transparent
ru,гипоталамус,en,hypothalamus,transparent
ru,гипс,en,gypsum,transparent
ru,гирлянда,en,garland,altered
ru,гиро,en,gyro,transparent
ru,гироскоп,en,gyroscope,transparent
ru,гитара,en,guitar,transparent
ru,гладиатор,en,gladiator,transparent
ru,глаукома,en,glaucoma,transparent
ru,глобализация,en,globalization,transparent
ru,глобальный,en,global,transparent
ru,глоссарий,en,glossary,transparent
ru,глутамат,en,glutamate,transparent
ru,глюкоза,en,glucose,altered
ru,глютен,en,gluten,transparent
ru,гоблин,en,goblin,transparent
ru,голограмма,en,hologram,altered
ru,гольф,en,golf,transparent
ru,гомеопатия,en,homeopathy,transparent
ru,гомосексуальный,en,homosexual,altered
ru,гомофобия,en,homophobia,transparent
ru,гонг,en,gong,transparent
ru,горизонтальный,en,horizontal,transparent
ru,горилла,en,gorilla,transparent
ru,гормон,en,hormone,altered
ru,гороскоп,en,horoscope,transparent
ru,горст,en,horst,transparent
ru,госпитализировать,en,hospitalise,altered
ru,госпиталь,en,hospital,transparent
ru,гравитация,en,gravitation,transparent
ru,градация,en,grading,altered
ru,градиент,en,gradient,transparent
ru,грамм,en,gram,transparent
ru,графен,en,graphene,transparent
ru,графит,en,graphite,transparent
ru,гриль,en,grill,transparent
ru,гудзон,en,hudson,altered
ru,гулаг,en,gulag,transparent
ru,гуманизм,en,humanism,transparent
ru,гуманитарный,en,humanitarian,altered
ru,гуру,en,guru,transparent
ru,гусар,en,hussar,transparent
ru,дайвер,en,diver,transparent
ru,деградация,en,degradation,transparent
ru,дедлайн,en,deadline,transparent
ru,дедукция,en,deduction,transparent
ru,дезориентация,en,disorientation,altered
ru,декада,en,decade,transparent
ru,декларация,en,declaration,transparent
ru,декомпрессия,en,decompression,transparent
ru,декор,en,decor,transparent
ru,декоратор,en,decorator,transparent
ru,декорация,en,decoration,altered
ru,делегация,en,delegation,transparent
ru,дельта,en,delta,transparent
ru,дельфин,en,dolphin,altered
ru,демаркация,en,demarcation,transparent
ru,демо,en,demo,transparent
ru,демографический,en,demographic,altered
ru,демократ,en,democrat,transparent
ru,демон,en,demon,transparent
ru,демонстративный,en,demonstrative,transparent
ru,демонстрация,en,demonstration,transparent
ru,демонстрировать,en,demonstrate,transparent
ru,депо,en,depot,transparent
ru,депозит,en,deposit,transparent
ru,депрессивный,en,depressive,transparent
ru,депутат,en,deputy,altered
ru,дерматолог,en,dermatologist,transparent
ru,деспот,en,despot,transparent
ru,деструктивный,en,destructive,transparent
ru,детектив,en,detective,transparent
ru,детектор,en,detector,transparent
ru,дефект,en,defect,transparent
ru,дефибриллятор,en,defibrillator,altered
ru,дефицит,en,deficit,transparent
ru,дефляция,en,deflation,transparent
ru,децентрализация,en,decentralization,transparent
ru,джаз,en,jazz,transparent
ru,джек,en,jack,transparent
ru,джекпот,en,jackpot,transparent
ru,джихад,en,jihad,altered
ru,джихадист,en,jihadist,altered
ru,джокер,en,joker,transparent
ru,джунгли,en,jungle,transparent
ru,дзюдо,en,judo,transparent
ru,диабет,en,diabetes,transparent
ru,диабетический,en,diabetic,transparent
ru,диагноз,en,diagnose,altered
ru,диаграмма,en,diagram,transparent
ru,диалект,en,dialect,transparent
ru,диалектический,en,dialectic,transparent
ru,диализ,en,dialysis,altered
ru,диалог,en,dialogue,transparent
ru,диаметр,en,diameter,transparent
ru,диарея,en,diarrhea,transparent
ru,диаспора,en,diaspora,transparent
ru,диафрагма,en,diaphragm,transparent
ru,дивертисмент,en,diversion,altered
ru,диво,en,diva,transparent
ru,диета,en,diet,altered
ru,дизайнер,en,designer,transparent
ru,дизель,en,diesel,transparent
ru,дизентерия,en,dysentery,altered
ru,диктатор,en,dictator,transparent
ru,дилемма,en,dilemma,transparent
ru,динамизм,en,dynamism,transparent
ru,динамит,en,dynamite,transparent
ru,динамичный,en,dynamic,altered
ru,динар,en,dinar,transparent
ru,династия,en,dynasty,altered
ru,диод,en,diode,transparent
ru,диплом,en,diploma,altered
ru,дипломат,en,diplomat,transparent
ru,дипломатия,en,diplomacy,altered
ru,директор,en,director,transparent
ru,директория,en,directory,transparent
ru,диско,en,disco,transparent
ru,дискриминация,en,discrimination,altered
ru,дискурс,en,discourse,transparent
ru,дискуссия,en,discussion,transparent
ru,диспозиция,en,disposition,transparent
ru,диссидент,en,dissident,transparent
ru,дистрибуция,en,distribution,transparent
ru,дистрибьютор,en,distributor,altered
ru,дистрикт,en,district,transparent
ru,дифференциальный,en,differential,altered
ru,догма,en,dogma,transparent
ru,догматический,en,dogmatic,transparent
ru,додзе,en,dojo,transparent
ru,доза,en,dose,transparent
ru,документ,en,document,transparent
ru,доллар,en,dollar,transparent
ru,домино,en,domino,transparent
ru,донор,en,donor,transparent
ru,доп,en,dope,transparent
ru,дорсальный,en,dorsal,transparent
ru,дофамин,en,dopamine,transparent
ru,драма,en,drama,transparent
ru,драматизировать,en,dramatize,transparent
ru,драматический,en,dramatic,transparent
ru,драфт,en,draft,transparent
ru,дрозофила,en,drosophila,transparent
ru,дрон,en,drone,transparent
ru,дума,en,duma,transparent
ru,дуплекс,en,duplex,transparent
ru,дуэль,en,duel,transparent
ru,дуэт,en,duet,transparent
ru,дхарма,en,dharma,transparent
ru,дюна,en,dune,altered
ru,евро,en,euro,transparent
ru,еврозона,en,eurozone,transparent
ru,европа,en,europa,transparent
ru,европейский,en,european,transparent
ru,ереван,en,yerevan,transparent
ru,жакет,en,jacket,transparent
ru,жандарм,en,gendarme,altered
ru,жаргон,en,jargon,transparent
ru,жасмина,en,jasmine,altered
ru,жест,en,gesture,altered
ru,журнал,en,journal,transparent
ru,журналист,en,journalist,transparent
ru,зеро,en,zero,transparent
ru,зет,en,zeta,transparent
ru,зона,en,zone,transparent
ru,зоо,en,zoo,transparent
ru,зум,en,zoom,transparent
ru,ибис,en,ibis,transparent
ru,ибупрофен,en,ibuprofen,transparent
ru,игорь,en,igor,transparent
ru,игуана,en,iguana,transparent
ru,идеализм,en,idealism,transparent
ru,идентификация,en,identification,transparent
ru,идентичность,en,identity,transparent
ru,идентичный,en,identical,altered
ru,идеология,en,ideology,transparent
ru,идиом,en,idiom,transparent
ru,идиот,en,idiot,transparent
ru,идол,en,idol,transparent
ru,иезуит,en,jesuit,altered
ru,икона,en,icon,altered
ru,иллюстратор,en,illustrator,transparent
ru,иллюстрация,en,illustration,transparent
ru,имам,en,imam,transparent
ru,имейл,en,email,transparent
ru,имитатор,en,imitator,transparent
ru,имитация,en,imitation,transparent
ru,имитировать,en,imitate,transparent
ru,иммануил,en,immanuel,transparent
ru,иммиграция,en,immigration,transparent
ru,иммигрировать,en,immigrate,transparent
ru,иммунитет,en,immunity,transparent
ru,иммунный,en,immune,transparent
ru,императорский,en,imperial,altered
ru,имплант,en,implant,transparent
ru,импортёр,en,importer,transparent
ru,импровизация,en,improvisation,transparent
ru,импровизировать,en,improvise,altered
ru,инвариант,en,invariant,transparent
ru,инвестировать,en,invest,transparent
ru,инвестор,en,investor,transparent
ru,ингибитор,en,inhibitor,transparent
ru,индекс,en,index,transparent
ru,индивидуально,en,individually,transparent
ru,индивидуальный,en,individual,altered
ru,индиго,en,indigo,transparent
ru,индикатор,en,indicator,transparent
ru,индикация,en,indication,transparent
ru,индонезийский,en,indonesian,transparent
ru,индукция,en,induction,transparent
ru,индустриальный,en,industrial,transparent
ru,индустрия,en,industry,transparent
ru,инертность,en,inertia,altered
ru,инжектор,en,injector,transparent
ru,инженер,en,engineer,transparent
ru,инициатор,en,initiator,transparent
ru,инициация,en,initiation,transparent
ru,инкогнито,en,incognito,transparent
ru,инкубатор,en,incubator,altered
ru,инкубация,en,incubation,transparent
ru,инновация,en,innovation,transparent
ru,инсайдер,en,insider,transparent
ru,инспектор,en,inspector,transparent
ru,инспекция,en,inspection,transparent
ru,инстаграм,en,instagram,transparent
ru,инсталляция,en,installation,altered
ru,инстанция,en,instance,altered
ru,инстинкт,en,instinct,transparent
ru,институт,en,institute,transparent
ru,институция,en,institution,altered
ru,инструктор,en,instructor,transparent
ru,инструментальный,en,instrumental,transparent
ru,интегральный,en,integral,transparent
ru,интеллектуальный,en,intellectual,transparent
ru,интеллигентный,en,intelligent,altered
ru,интеллигенция,en,intelligence,altered
ru,интенсивность,en,intensity,transparent
ru,интенсивный,en,intense,transparent
ru,интервал,en,interval,transparent
ru,интервенция,en,intervention,transparent
ru,интерн,en,intern,transparent
ru,интернационал,en,internationale,transparent
ru,интернациональный,en,internationally,altered
ru,интернет,en,internet,transparent
ru,интерпол,en,interpol,transparent
ru,интерфейс,en,interface,altered
ru,интерференция,en,interference,transparent
ru,интерферон,en,interferon,altered
ru,интимный,en,intimate,altered
ru,интонация,en,intonation,transparent
ru,интрига,en,intrigue,altered
ru,интро,en,intro,transparent
ru,интуитивный,en,intuitive,transparent
ru,инфант,en,infant,transparent
ru,инфантильный,en,infantile,transparent
ru,инфекция,en,infection,transparent
ru,инферно,en,inferno,transparent
ru,инфляционный,en,inflationary,transparent
ru,инфляция,en,inflation,transparent
ru,информатика,en,informatics,transparent
ru,информационный,en,informational,altered
ru,информация,en,information,transparent
ru,информировать,en,inform,transparent
ru,инфраструктура,en,infrastructure,transparent
ru,инцидент,en,incident,transparent
ru,ионизация,en,ionization,altered
ru,ирак,en,iraq,transparent
ru,ирис,en,iris,transparent
ru,ироничный,en,ironic,transparent
ru,ирригация,en,irrigation,transparent
ru,ислам,en,islam,transparent
ru,исламист,en,islamist,transparent
ru,исламский,en,islamic,altered
ru,истерический,en,hysterical,altered
ru,историография,en,historiography,transparent
ru,исторически,en,historically,transparent
ru,исторический,en,historical,transparent
ru,история,en,history,transparent
ru,италия,en,italia,transparent
ru,итальянский,en,italian,altered
ru,итерация,en,iteration,transparent
ru,июль,en,july,altered
ru,июнь,en,june,altered
ru,йог,en,yogi,transparent
ru,йогурт,en,yogurt,transparent
ru,кабаре,en,cabaret,altered
ru,кабель,en,cable,altered
ru,кабина,en,cabin,transparent
ru,кадет,en,cadet,altered
ru,кадмий,en,cadmium,transparent
ru,кадр,en,cadre,altered
ru,казак,en,cossack,altered
ru,казань,en,kazan,altered
ru,казино,en,casino,transparent
ru,кайзер,en,kaiser,transparent
ru,кактус,en,cactus,transparent
ru,календарь,en,calendar,altered
ru,калибр,en,calibre,transparent
ru,кам,en,cam,transparent
ru,камерун,en,cameroon,altered
ru,кампания,en,campaign,transparent
ru,кампус,en,campus,transparent
ru,камуфляж,en,camouflage,altered
ru,канал,en,canal,transparent
ru,канарейка,en,canary,altered
ru,кандид,en,candid,altered
ru,кандида,en,candida,transparent
ru,кандидат,en,candidate,transparent
ru,канин,en,canine,transparent
ru,каннабис,en,cannabis,transparent
ru,канон,en,canon,transparent
ru,канонический,en,canonical,altered
ru,кантон,en,canton,transparent
ru,кантор,en,cantor,altered
ru,канцлер,en,chancellor,altered
ru,капитал,en,capital,transparent
ru,капитализм,en,capitalism,altered
ru,капиталист,en,capitalist,transparent
ru,капитан,en,captain,transparent
ru,капитуляция,en,capitulation,transparent
ru,каппа,en,kappa,transparent
ru,каприз,en,caprice,altered
ru,караван,en,caravan,transparent
ru,карантин,en,quarantine,transparent
ru,карат,en,karat,transparent
ru,каратэ,en,karate,transparent
ru,карбюратор,en,carburetor,transparent
ru,карго,en,cargo,transparent
ru,кардиган,en,cardigan,transparent
ru,кардинальный,en,cardinal,transparent
ru,карма,en,karma,transparent
ru,карта,en,kart,transparent
ru,картель,en,cartel,transparent
ru,карцинома,en,carcinoma,transparent
ru,кассета,en,cassette,transparent
ru,катализ,en,catalysis,altered
ru,катализатор,en,catalyst,transparent
ru,каталог,en,catalog,transparent
ru,катар,en,qatar,altered
ru,катастрофа,en,catastrophe,altered
ru,категория,en,category,transparent
ru,катетер,en,catheter,transparent
ru,катион,en,cation,transparent
ru,катод,en,cathode,transparent
ru,католик,en,catholic,altered
ru,кафе,en,cafe,transparent
ru,кафедральный,en,cathedral,altered
ru,кафетерий,en,cafeteria,transparent
ru,квазар,en,quasar,transparent
ru,кварк,en,quark,transparent
ru,квартет,en,quartet,transparent
ru,квартира,en,quarter,altered
ru,кварц,en,quartz,transparent
ru,квинтет,en,quintet,altered
ru,кгб,en,kgb,transparent
ru,кебаб,en,kebab,transparent
ru,кельвин,en,kelvin,transparent
ru,кенгуру,en,kangaroo,altered
ru,кенни,en,kenny,altered
ru,керала,en,kerala,altered
ru,керосин,en,kerosene,transparent
ru,кетамин,en,ketamine,altered
ru,кетчуп,en,ketchup,altered
ru,кибер,en,cyber,transparent
ru,кибернетический,en,cybernetic,transparent
ru,киберпространство,en,cyberspace,altered
ru,киборг,en,cyborg,transparent
ru,киев,en,kiev,transparent
ru,кило,en,kilo,transparent
ru,килограмм,en,kilogram,transparent
ru,километр,en,kilometer,altered
ru,кинетика,en,kinetics,transparent
ru,кино,en,kino,transparent
ru,киоск,en,kiosk,transparent
ru,китч,en,kitsch,altered
ru,клан,en,klan,transparent
ru,кларнет,en,clarinet,transparent
ru,классификация,en,classification,altered
ru,классифицировать,en,classify,transparent
ru,клиент,en,client,transparent
ru,климакс,en,climax,transparent
ru,климат,en,climate,transparent
ru,клиника,en,clinic,transparent
ru,клише,en,cliche,altered
ru,клон,en,clone,transparent
ru,клуб,en,club,transparent
ru,коалиция,en,coalition,transparent
ru,кобальт,en,cobalt,transparent
ru,кобра,en,cobra,transparent
ru,когорта,en,cohort,altered
ru,кодеин,en,codeine,transparent
ru,кодекс,en,codex,transparent
ru,кокаин,en,cocaine,transparent
ru,колизей,en,coliseum,altered
ru,колит,en,colitis,altered
ru,коллаж,en,collage,transparent
ru,коллайдер,en,collider,transparent
ru,колледж,en,college,transparent
ru,коллектив,en,collective,altered
ru,коллектор,en,collector,transparent
ru,колон,en,colon,transparent
ru,колонизировать,en,colonise,altered
ru,колония,en,colony,transparent
ru,колосс,en,colossus,transparent
ru,команда,en,command,transparent
ru,командир,en,commander,altered
ru,комбат,en,combat,transparent
ru,комбинация,en,combination,transparent
ru,комик,en,comic,transparent
ru,комиссар,en,commissar,transparent
ru,комиссия,en,commission,transparent
ru,комментарий,en,comment,altered
ru,комментатор,en,commentator,transparent
ru,коммерция,en,commerce,transparent
ru,коммуна,en,commune,transparent
ru,коммунальный,en,communal,transparent
ru,коммунизм,en,communism,transparent
ru,коммунист,en,communist,transparent
ru,компакт,en,compact,transparent
ru,компаньон,en,companion,transparent
ru,компенсация,en,compensation,transparent
ru,компетентный,en,competent,altered
ru,компетенция,en,competency,transparent
ru,компилятор,en,compiler,altered
ru,компиляция,en,compilation,transparent
ru,комплекс,en,complex,transparent
ru,композитор,en,composer,altered
ru,компонент,en,component,transparent
ru,компресс,en,compression,transparent
ru,компрессор,en,compressor,transparent
ru,компьютер,en,computer,transparent
ru,конвейер,en,conveyor,transparent
ru,конвент,en,convent,transparent
ru,конвенция,en,convention,transparent
ru,конверсия,en,conversion,transparent
ru,конвертер,en,converter,transparent
ru,конвой,en,convoy,transparent
ru,конвульсия,en,convulsion,transparent
ru,конгресс,en,congress,transparent
ru,кондиционер,en,conditioner,transparent
ru,кондуктор,en,conductor,transparent
ru,конкорд,en,concord,transparent
ru,конкретный,en,concrete,altered
ru,коннектор,en,connector,transparent
ru,консенсус,en,consensus,transparent
ru,консервативный,en,conservative,transparent
ru,консерватория,en,conservatory,transparent
ru,консервация,en,conservation,transparent
ru,консолидация,en,consolidation,transparent
ru,консоль,en,console,transparent
ru,консорциум,en,consortium,transparent
ru,конструктивный,en,constructive,transparent
ru,конструктор,en,constructor,transparent
ru,консул,en,consul,transparent
ru,консульский,en,consular,transparent
ru,консультант,en,consultant,transparent
ru,консультация,en,consultation,transparent
ru,консультировать,en,consult,altered
ru,контакт,en,contact,transparent
ru,контейнер,en,container,transparent
ru,контекст,en,context,transparent
ru,контингент,en,contingent,transparent
ru,континент,en,continent,transparent
ru,континентальный,en,continental,altered
ru,континуум,en,continuum,transparent
ru,контракт,en,contract,transparent
ru,контрибуция,en,contribution,transparent
ru,контроллер,en,controller,transparent
ru,контур,en,contour,transparent
ru,конфедерация,en,confederation,transparent
ru,конфигурация,en,configuration,transparent
ru,конфиденциальность,en,confidentiality,transparent
ru,конфиденциальный,en,confidential,transparent
ru,конфликт,en,conflict,transparent
ru,конфронтация,en,confrontation,transparent
ru,концепт,en,concept,transparent
ru,концепция,en,conception,transparent
ru,концерт,en,concert,transparent
ru,концессия,en,concession,transparent
ru,коньяк,en,cognac,altered
ru,кооперативный,en,cooperative,altered
ru,кооперация,en,cooperation,transparent
ru,координация,en,coordination,transparent
ru,координировать,en,coordinate,transparent
ru,кореец,en,koreans,altered
ru,корея,en,korea,transparent
ru,коридор,en,corridor,transparent
ru,корнет,en,cornet,transparent
ru,корона,en,corona,transparent
ru,коронация,en,coronation,transparent
ru,корпоративный,en,corporate,transparent
ru,корпорация,en,corporation,transparent
ru,корректный,en,correct,altered
ru,коррекция,en,correction,transparent
ru,корреляция,en,correlation,transparent
ru,корреспондент,en,correspondent,transparent
ru,корреспонденция,en,correspondence,altered
ru,коррозия,en,corrosion,transparent
ru,коррупция,en,corruption,transparent
ru,корсет,en,corset,transparent
ru,косметический,en,cosmetic,altered
ru,космический,en,cosmic,transparent
ru,космологический,en,cosmological,altered
ru,космонавт,en,cosmonaut,transparent
ru,космос,en,cosmos,transparent
ru,костюм,en,costume,transparent
ru,котон,en,cotton,transparent
ru,кофе,en,coffee,transparent
ru,кратер,en,crater,altered
ru,креатив,en,creative,transparent
ru,кредит,en,credit,transparent
ru,крекер,en,cracker,transparent
ru,крематорий,en,crematorium,transparent
ru,кремль,en,kremlin,altered
ru,кризис,en,crisis,transparent
ru,крикет,en,cricket,transparent
ru,криминальный,en,criminal,transparent
ru,крипта,en,crypt,transparent
ru,крипто,en,crypto,transparent
ru,кристалл,en,crystal,altered
ru,критерий,en,criterion,transparent
ru,критиковать,en,criticize,altered
ru,критический,en,critical,transparent
ru,кришна,en,krishna,transparent
ru,крокодил,en,crocodile,transparent
ru,кросс,en,crossover,transparent
ru,круиз,en,cruise,transparent
ru,ксенон,en,xenon,transparent
ru,кубинский,en,cuban,transparent
ru,кубический,en,cubic,altered
ru,кудо,en,kudo,transparent
ru,культ,en,cult,transparent
ru,культивировать,en,cultivate,altered
ru,культура,en,culture,transparent
ru,культурный,en,cultural,transparent
ru,кумулятивный,en,cumulative,transparent
ru,купол,en,cupola,transparent
ru,купон,en,coupon,transparent
ru,куратор,en,curator,transparent
ru,курсор,en,cursor,transparent
ru,курьёз,en,curio,altered
ru,кутикула,en,cuticle,transparent
ru,лабиринт,en,labyrinth,transparent
ru,лаборатория,en,laboratory,transparent
ru,лабрадор,en,labrador,transparent
ru,лава,en,lava,transparent
ru,лаванда,en,lavender,transparent
ru,лагер,en,lager,transparent
ru,лазер,en,laser,transparent
ru,лайнер,en,liner,transparent
ru,лайт,en,lite,transparent
ru,лак,en,lac,transparent
ru,лама,en,lama,transparent
ru,латекс,en,latex,transparent
ru,латентный,en,latent,transparent
ru,латеральный,en,lateral,altered
ru,латино,en,latino,transparent
ru,латте,en,latte,transparent
ru,лауреат,en,laureate,transparent
ru,легализовать,en,legalise,altered
ru,легенда,en,legend,transparent
ru,лего,en,lego,transparent
ru,лейкемия,en,leukemia,transparent
ru,лемма,en,lemma,transparent
ru,лемур,en,lemur,transparent
ru,лесбийский,en,lesbian,altered
ru,либ,en,lib,transparent
ru,либерал,en,liberal,transparent
ru,либидо,en,libido,transparent
ru,лига,en,liga,transparent
ru,лиганд,en,ligand,transparent
ru,лизинг,en,leasing,transparent
ru,ликвидация,en,liquidation,altered
ru,ликвидировать,en,liquidate,altered
ru,лимит,en,limit,transparent
ru,лимонад,en,lemonade,transparent
ru,лимузин,en,limousine,transparent
ru,лимфоцит,en,lymphocyte,altered
ru,лингвистический,en,linguistic,altered
ru,линейный,en,linear,transparent
ru,линолеум,en,linoleum,transparent
ru,липид,en,lipid,transparent
ru,листинг,en,list,transparent
ru,литератор,en,literate,altered
ru,литература,en,literature,transparent
ru,литий,en,lithium,altered
ru,литр,en,litre,transparent
ru,литургия,en,liturgy,transparent
ru,лицензия,en,licence,altered
ru,ллойд,en,lloyd,altered
ru,логарифм,en,logarithm,transparent
ru,логин,en,login,transparent
ru,логический,en,logical,transparent
ru,логотип,en,logo,transparent
ru,локализация,en,localization,transparent
ru,локализовать,en,localise,altered
ru,локатор,en,locator,transparent
ru,локомотив,en,locomotive,transparent
ru,локус,en,locus,transparent
ru,лондон,en,london,transparent
ru,лосьон,en,lotion,transparent
ru,лотерея,en,lottery,transparent
ru,лото,en,lotto,transparent
ru,лотос,en,lotus,altered
ru,лунатик,en,lunatic,transparent
ru,лут,en,loot,transparent
ru,люкс,en,luxury,altered
ru,люксовый,en,luxurious,altered
ru,люмен,en,lumen,transparent
ru,лютня,en,lute,altered
ru,люфтваффе,en,luftwaffe,altered
ru,лямбда,en,lambda,altered
ru,мавзолей,en,mausoleum,altered
ru,мавритания,en,mauritania,transparent
ru,магазин,en,magazine,altered
ru,магистрат,en,magistrate,transparent
ru,магия,en,magic,altered
ru,магма,en,magma,transparent
ru,магнетизм,en,magnetism,transparent
ru,магний,en,magnesium,altered
ru,магнитный,en,magnetic,transparent
ru,магнум,en,magnum,transparent
ru,мадам,en,madame,transparent
ru,майор,en,major,transparent
ru,макро,en,macro,transparent
ru,макс,en,max,transparent
ru,максимизировать,en,maximise,altered
ru,максимум,en,maximum,transparent
ru,малайзия,en,malaysia,transparent
ru,мали,en,mali,transparent
ru,малярия,en,malaria,transparent
ru,мама,en,mama,transparent
ru,мамма,en,mamma,transparent
ru,манга,en,manga,transparent
ru,мандарин,en,mandarin,transparent
ru,мандат,en,mandate,transparent
ru,манекен,en,mannequin,transparent
ru,манипуляция,en,manipulation,transparent
ru,манифест,en,manifesto,altered
ru,мания,en,mania,transparent
ru,манный,en,manna,transparent
ru,манта,en,manta,transparent
ru,мантра,en,mantra,transparent
ru,манус,en,manus,transparent
ru,манускрипт,en,manuscript,transparent
ru,маньяк,en,maniac,transparent
ru,манёвр,en,manoeuvre,altered
ru,марафон,en,marathon,transparent
ru,маргинальный,en,marginal,transparent
ru,марина,en,marine,transparent
ru,маринад,en,marinade,altered
ru,марк,en,mark,transparent
ru,маркет,en,market,transparent
ru,марксизм,en,marxism,transparent
ru,марксист,en,marxist,transparent
ru,маркёр,en,marker,transparent
ru,масала,en,masala,transparent
ru,масса,en,mass,transparent
ru,массаж,en,massage,altered
ru,мастурбация,en,masturbation,transparent
ru,материал,en,material,transparent
ru,материалист,en,materialist,transparent
ru,матрица,en,matrix,transparent
ru,мафия,en,mafia,transparent
ru,мах,en,mach,transparent
ru,мачо,en,macho,transparent
ru,мачта,en,mast,altered
ru,маэстро,en,maestro,transparent
ru,медаль,en,medal,transparent
ru,медиа,en,medium,transparent
ru,медиатор,en,mediator,transparent
ru,медиация,en,mediation,transparent
ru,медик,en,medic,transparent
ru,медитация,en,meditation,transparent
ru,медиум,en,medium,transparent
ru,медицинский,en,medical,transparent
ru,меланома,en,melanoma,transparent
ru,мелодия,en,melody,transparent
ru,мелодрама,en,melodrama,transparent
ru,мембрана,en,membrane,transparent
ru,меморандум,en,memorandum,transparent
ru,мемориал,en,memorial,transparent
ru,мемуары,en,memoir,transparent
ru,менеджер,en,manager,transparent
ru,менструальный,en,menstrual,altered
ru,менструация,en,menstruation,transparent
ru,ментальный,en,mental,transparent
ru,ментор,en,mentor,transparent
ru,меню,en,menu,transparent
ru,мессия,en,messiah,transparent
ru,метаболизм,en,metabolism,transparent
ru,металл,en,metal,transparent
ru,металлургия,en,metallurgy,altered
ru,метан,en,methane,altered
ru,метастаз,en,metastasis,altered
ru,метафизический,en,metaphysical,transparent
ru,метафора,en,metaphor,transparent
ru,метеор,en,meteor,transparent
ru,метеорит,en,meteorite,transparent
ru,метеоролог,en,meteorologist,transparent
ru,метеорология,en,meteorology,transparent
ru,методологический,en,methodological,altered
ru,методология,en,methodology,transparent
ru,метр,en,meter,altered
ru,метрический,en,metric,altered
ru,метро,en,metro,transparent
ru,метрополитен,en,metropolitan,transparent
ru,метрополь,en,metropolis,altered
ru,механизировать,en,mechanize,transparent
ru,механизм,en,mechanism,transparent
ru,мигрант,en,migrant,transparent
ru,миграция,en,migration,transparent
ru,мигрень,en,migraine,altered
ru,микро,en,micro,transparent
ru,микроб,en,microbe,transparent
ru,микроскоп,en,microscope,transparent
ru,микрофон,en,microphone,transparent
ru,миксер,en,mixer,transparent
ru,милитаризм,en,militarism,transparent
ru,милиция,en,militia,transparent
ru,миллиграмм,en,milligram,transparent
ru,миллиметр,en,millimeter,transparent
ru,миллион,en,million,transparent
ru,мим,en,mime,transparent
ru,мимоза,en,mimosa,transparent
ru,минарет,en,minaret,transparent
ru,минерал,en,mineral,transparent
ru,минералогия,en,mineralogy,transparent
ru,миниатюра,en,miniature,transparent
ru,минивэн,en,minivan,transparent
ru,минимализм,en,minimalism,transparent
ru,минимальный,en,minimal,transparent
ru,минимизировать,en,minimize,transparent
ru,минимум,en,minimum,transparent
ru,министерство,en,ministry,transparent
ru,министр,en,minister,transparent
ru,минор,en,minor,transparent
ru,минус,en,minus,transparent
ru,миньон,en,minion,altered
ru,миоцен,en,miocene,transparent
ru,мирза,en,mirza,transparent
ru,миссия,en,mission,transparent
ru,мистический,en,mystical,transparent
ru,миф,en,myth,transparent
ru,мобилизация,en,mobilization,transparent
ru,мобилизовать,en,mobilize,altered
ru,мода,en,mode,transparent
ru,модальность,en,modality,transparent
ru,модель,en,model,transparent
ru,модем,en,modem,transparent
ru,модератор,en,moderator,transparent
ru,модернизировать,en,modernise,altered
ru,модернист,en,modernist,transparent
ru,модификатор,en,modifier,transparent
ru,модификация,en,modification,transparent
ru,модифицировать,en,modify,altered
ru,модуль,en,module,altered
ru,модус,en,modus,transparent
ru,мозаика,en,mosaic,transparent
ru,мокко,en,mocha,altered
ru,молдова,en,moldova,transparent
ru,молекула,en,molecule,altered
ru,молекулярный,en,molecular,altered
ru,молл,en,mall,transparent
ru,моллюск,en,mollusk,transparent
ru,монарх,en,monarch,transparent
ru,монархия,en,monarchy,transparent
ru,монетизация,en,monetization,transparent
ru,монитор,en,monitor,transparent
ru,моно,en,mono,transparent
ru,моногамия,en,monogamy,transparent
ru,монолог,en,monologue,transparent
ru,монополия,en,monopoly,transparent
ru,монотонность,en,monotony,altered
ru,монсеньор,en,monsignor,altered
ru,монстр,en,monster,transparent
ru,монтаж,en,montage,altered
ru,монумент,en,monument,transparent
ru,мораль,en,moral,transparent
ru,мотель,en,motel,transparent
ru,мотив,en,motive,transparent
ru,мотивационный,en,motivational,transparent
ru,мотивация,en,motivation,transparent
ru,мотивировать,en,motivate,transparent
ru,мотор,en,motor,transparent
ru,моторист,en,motorist,transparent
ru,му,en,mu,transparent
ru,музей,en,museum,altered
ru,музыкальный,en,musically,altered
ru,музыкант,en,musician,altered
ru,мулла,en,mullah,transparent
ru,мультимедиа,en,multimedia,transparent
ru,мультиплекс,en,multiplex,transparent
ru,мультипликация,en,multiplication,altered
ru,мускус,en,musk,altered
ru,муссон,en,monsoon,altered
ru,мусульманин,en,muslim,altered
ru,мутант,en,mutant,transparent
ru,мутация,en,mutation,transparent
ru,мутировать,en,mutate,altered
ru,навигатор,en,navigator,transparent
ru,навигационный,en,navigational,altered
ru,навигация,en,navigation,transparent
ru,нано,en,nano,transparent
ru,наполеон,en,napoleon,transparent
ru,наркотик,en,narcotic,transparent
ru,наса,en,nasa,transparent
ru,наташа,en,natasha,transparent
ru,натура,en,natura,transparent
ru,натурализация,en,naturalization,transparent
ru,натуральный,en,natural,transparent
ru,наутилус,en,nautilus,transparent
ru,нацизм,en,nazism,transparent
ru,национализация,en,nationalization,transparent
ru,националист,en,nationalist,transparent
ru,национальность,en,nationality,altered
ru,национальный,en,national,altered
ru,нацист,en,nazi,altered
ru,нация,en,nation,transparent
ru,неандерталец,en,neanderthals,altered
ru,неаполитанский,en,neapolitan,transparent
ru,невроз,en,neurosis,altered
ru,неврологический,en,neurological,transparent
ru,негативный,en,negative,transparent
ru,нейрон,en,neuron,transparent
ru,нейтрализовать,en,neutralise,transparent
ru,нейтрино,en,neutrino,transparent
ru,нейтрон,en,neutron,transparent
ru,нексус,en,nexus,transparent
ru,нектар,en,nectar,transparent
ru,нелинейный,en,nonlinear,altered
ru,немезида,en,nemesis,transparent
ru,неон,en,neon,transparent
ru,непал,en,nepal,transparent
ru,нервный,en,nervously,altered
ru,николай,en,nicholas,altered
ru,никотин,en,nicotine,altered
ru,ниндзя,en,ninja,altered
ru,нода,en,node,transparent
ru,номад,en,nomad,transparent
ru,номенклатура,en,nomenclature,transparent
ru,номинальный,en,nominal,altered
ru,номинация,en,nomination,transparent
ru,норма,en,norm,transparent
ru,нормализация,en,normalization,transparent
ru,нормаль,en,normalise,transparent
ru,нормальность,en,normality,altered
ru,нормальный,en,normal,transparent
ru,нормативный,en,normative,transparent
ru,ностальгия,en,nostalgia,transparent
ru,ностра,en,nostrum,altered
ru,нотариус,en,notary,transparent
ru,нотация,en,notation,transparent
ru,ноябрь,en,november,transparent
ru,оазис,en,oasis,transparent
ru,обелиск,en,obelisk,transparent
ru,область,en,oblast,transparent
ru,облигация,en,obligation,transparent
ru,обструкция,en,obstruct,altered
ru,объект,en,object,transparent
ru,объективность,en,objectivity,transparent
ru,овал,en,oval,transparent
ru,ода,en,ode,transparent
ru,одиссея,en,odyssey,altered
ru,озон,en,ozone,transparent
ru,оккупационный,en,occupational,transparent
ru,оккупация,en,occupation,transparent
ru,октан,en,octane,transparent
ru,октябрь,en,october,altered
ru,олигарх,en,oligarch,transparent
ru,олимпиада,en,olympiad,transparent
ru,олимпийский,en,olympic,altered
ru,омега,en,omega,transparent
ru,омлет,en,omelette,transparent
ru,онтарио,en,ontario,transparent
ru,онтология,en,ontology,transparent
ru,оперативный,en,operative,transparent
ru,оператор,en,operator,transparent
ru,операционный,en,operational,altered
ru,операция,en,operation,transparent
ru,оперировать,en,operate,altered
ru,оперный,en,operatic,altered
ru,опиум,en,opium,transparent
ru,оптимальный,en,optimal,transparent
ru,оптимизация,en,optimization,transparent
ru,оптимизировать,en,optimize,transparent
ru,оптимист,en,optimist,transparent
ru,оптимистический,en,optimistic,altered
ru,опус,en,opus,transparent
ru,опциональный,en,optional,altered
ru,оральный,en,oral,transparent
ru,оратор,en,orator,transparent
ru,орбита,en,orbit,transparent
ru,оргазм,en,orgasm,transparent
ru,орган,en,organ,transparent
ru,органайзер,en,organizer,altered
ru,организатор,en,organiser,altered
ru,организация,en,organization,transparent
ru,организм,en,organism,transparent
ru,организовать,en,organize,transparent
ru,органический,en,organic,transparent
ru,орда,en,horde,altered
ru,оригинальность,en,originality,transparent
ru,оригинальный,en,original,transparent
ru,ориент,en,orient,transparent
ru,ориентация,en,orientation,transparent
ru,оркестр,en,orchestra,altered
ru,орлеан,en,orleans,transparent
ru,орнамент,en,ornament,transparent
ru,орхидея,en,orchid,altered
ru,остеопороз,en,osteoporosis,transparent
ru,отель,en,hotel,altered
ru,офелия,en,ophelia,transparent
ru,официальный,en,official,altered
ru,офтальмология,en,ophthalmology,altered
ru,охра,en,ochre,altered
ru,павлов,en,pavlov,altered
ru,пакт,en,pact,transparent
ru,палладий,en,palladium,transparent
ru,панда,en,panda,transparent
ru,пандемия,en,pandemic,transparent
ru,панель,en,panel,transparent
ru,паника,en,panic,transparent
ru,панкреатит,en,pancreatitis,transparent
ru,панорама,en,panorama,transparent
ru,папа,en,papa,transparent
ru,папироса,en,paper,altered
ru,паприка,en,paprika,transparent
ru,параграф,en,paragraph,transparent
ru,парад,en,parade,transparent
ru,парадигма,en,paradigm,transparent
ru,парадокс,en,paradox,transparent
ru,парадоксальный,en,paradoxical,altered
ru,паразит,en,parasite,transparent
ru,паразитический,en,parasitic,transparent
ru,паралич,en,paralysis,altered
ru,параллакс,en,parallax,transparent
ru,параллель,en,parallel,transparent
ru,параметр,en,parameter,transparent
ru,параметрический,en,parametric,altered
ru,паранойя,en,paranoia,transparent
ru,паранормальный,en,paranormal,transparent
ru,парафин,en,paraffin,transparent
ru,пармезан,en,parmesan,transparent
ru,партизан,en,partisan,transparent
ru,паспорт,en,passport,transparent
ru,пассаж,en,passage,transparent
ru,пассивность,en,passivity,transparent
ru,пассивный,en,passive,altered
ru,паста,en,pasta,transparent
ru,пастель,en,pastel,transparent
ru,пастор,en,pastor,transparent
ru,пастораль,en,pastoral,transparent
ru,патио,en,patio,transparent
ru,патоген,en,pathogen,transparent
ru,патология,en,pathology,transparent
ru,патриарх,en,patriarch,transparent
ru,патриот,en,patriot,transparent
ru,патриотизм,en,patriotism,transparent
ru,патриотический,en,patriotic,transparent
ru,патрон,en,patron,transparent
ru,патронаж,en,patronage,altered
ru,патруль,en,patrol,transparent
ru,пациент,en,patient,transparent
ru,пацифист,en,pacifist,transparent
ru,педиатрический,en,pediatric,transparent
ru,педиатрия,en,pediatrics,transparent
ru,педофил,en,pedophile,transparent
ru,педофилия,en,pedophilia,transparent
ru,пейджер,en,pager,altered
ru,пелотон,en,peloton,transparent
ru,пенис,en,penis,transparent
ru,пенсионер,en,pensioner,transparent
ru,пенсия,en,pension,transparent
ru,пентагон,en,pentagon,transparent
ru,пепперони,en,pepperoni,transparent
ru,пептид,en,peptide,transparent
ru,периметр,en,perimeter,transparent
ru,период,en,period,transparent
ru,периодически,en,periodically,transparent
ru,периодический,en,periodic,transparent
ru,перманентный,en,permanently,transparent
ru,персидский,en,persian,transparent
ru,персона,en,persona,transparent
ru,персональный,en,personal,altered
ru,перспектива,en,perspective,transparent
ru,перспективный,en,prospective,altered
ru,перфорация,en,perforation,transparent
ru,пессимист,en,pessimist,transparent
ru,песто,en,pesto,transparent
ru,петит,en,petit,transparent
ru,петров,en,petrov,transparent
ru,петролеум,en,petroleum,transparent
ru,пианист,en,pianist,transparent
ru,пиано,en,piano,transparent
ru,пигмей,en,pygmy,transparent
ru,пигмент,en,pigment,transparent
ru,пигментация,en,pigmentation,altered
ru,пикет,en,picket,transparent
ru,пилот,en,pilot,transparent
ru,пилюля,en,pill,altered
ru,пинг,en,ping,transparent
ru,пирамида,en,pyramid,transparent
ru,пиранья,en,piranha,altered
ru,пират,en,pirate,transparent
ru,пиренеи,en,pyrenees,transparent
ru,пирит,en,pyrite,transparent
ru,пиротехник,en,pyrotechnics,transparent
ru,пистолет,en,pistol,transparent
ru,пицца,en,pizza,transparent
ru,пиццерия,en,pizzeria,transparent
ru,плаз,en,plaza,transparent
ru,плазма,en,plasma,transparent
ru,плазмида,en,plasmid,transparent
ru,план,en,plan,transparent
ru,планета,en,planet,transparent
ru,планетарий,en,planetarium,transparent
ru,планктон,en,plankton,transparent
ru,плантация,en,plantation,transparent
ru,платина,en,platinum,altered
ru,платформа,en,platform,transparent
ru,плацебо,en,placebo,transparent
ru,плацента,en,placenta,transparent
ru,пленарный,en,plenary,transparent
ru,пленум,en,plenum,transparent
ru,плюс,en,plus,transparent
ru,пневматический,en,pneumatic,transparent
ru,пневмония,en,pneumonia,transparent
ru,погром,en,pogrom,transparent
ru,подиум,en,podium,transparent
ru,подкаст,en,podcast,transparent
ru,позитивный,en,positive,transparent
ru,позиция,en,position,transparent
ru,пойнт,en,point,altered
ru,покер,en,poker,transparent
ru,полигон,en,polygon,transparent
ru,полимер,en,polymer,transparent
ru,полинезия,en,polynesia,transparent
ru,полином,en,polynomial,altered
ru,полиомиелит,en,polio,altered
ru,полип,en,polyp,transparent
ru,полипропилен,en,polypropylene,transparent
ru,полировать,en,polish,altered
ru,политбюро,en,politburo,transparent
ru,политехнический,en,polytechnic,transparent
ru,политический,en,political,transparent
ru,полиция,en,police,transparent
ru,полиэстер,en,polyester,transparent
ru,полька,en,polka,transparent
ru,поляризация,en,polarization,altered
ru,пони,en,pony,transparent
ru,популизм,en,populism,transparent
ru,популяризировать,en,popularize,transparent
ru,порно,en,porno,transparent
ru,порнографический,en,pornographic,altered
ru,порт,en,port,transparent
ru,портал,en,portal,transparent
ru,портик,en,portico,altered
ru,портфель,en,portfolio,transparent
ru,порция,en,portion,transparent
ru,пост,en,post,transparent
ru,постер,en,poster,transparent
ru,постулат,en,postulate,altered
ru,потенциал,en,potential,transparent
ru,поэма,en,poem,altered
ru,поэт,en,poet,transparent
ru,поэтический,en,poetic,altered
ru,прайм,en,prime,transparent
ru,практика,en,practice,transparent
ru,практический,en,practical,transparent
ru,президент,en,president,transparent
ru,премиум,en,premium,transparent
ru,прерогатива,en,prerogative,transparent
ru,престиж,en,prestige,altered
ru,претензия,en,pretension,altered
ru,префект,en,prefect,transparent
ru,префикс,en,prefix,transparent
ru,прецедент,en,precedent,transparent
ru,приблизительный,en,approximately,altered
ru,приватизировать,en,privatize,altered
ru,призма,en,prism,transparent
ru,прима,en,prima,transparent
ru,примо,en,primo,transparent
ru,принтер,en,printer,transparent
ru,принцип,en,principle,transparent
ru,приор,en,prior,transparent
ru,приоритет,en,prioritise,altered
ru,провизия,en,provision,altered
ru,провинциальный,en,provincial,transparent
ru,провокация,en,provocation,altered
ru,провоцировать,en,provoke,transparent
ru,прогноз,en,prognosis,altered
ru,программа,en,program,altered
ru,программировать,en,programmable,altered
ru,прогресс,en,progress,transparent
ru,прогрессия,en,progression,transparent
ru,продукт,en,product,transparent
ru,продуктивный,en,productive,altered
ru,продукция,en,production,transparent
ru,продюсер,en,producer,transparent
ru,проект,en,project,transparent
ru,проектор,en,projector,transparent
ru,проза,en,prose,transparent
ru,прозаический,en,prosaic,transparent
ru,проктор,en,proctor,transparent
ru,прокуратор,en,procurator,transparent
ru,прокурорский,en,prosecutorial,transparent
ru,пролетарий,en,proletarian,altered
ru,пролог,en,prologue,transparent
ru,променад,en,promenade,transparent
ru,пропаганда,en,propaganda,transparent
ru,пропагандист,en,propagandist,transparent
ru,пропорция,en,proportion,transparent
ru,проспект,en,prospect,transparent
ru,проституция,en,prostitution,transparent
ru,протеже,en,protégé,transparent
ru,протеин,en,protein,transparent
ru,протектор,en,protector,transparent
ru,протест,en,protest,transparent
ru,протестант,en,protestant,transparent
ru,протокол,en,protocol,transparent
ru,протон,en,proton,transparent
ru,профессиональный,en,professional,transparent
ru,профессор,en,professor,transparent
ru,профилактический,en,prophylactic,altered
ru,профиль,en,profile,transparent
ru,профит,en,profit,transparent
ru,процедура,en,procedure,transparent
ru,процесс,en,process,transparent
ru,процессия,en,procession,transparent
ru,пруссия,en,prussia,transparent
ru,псевдо,en,pseudo,transparent
ru,пси,en,psi,transparent
ru,псих,en,psyche,transparent
ru,психиатрический,en,psychiatric,altered
ru,психоз,en,psychosis,transparent
ru,психолог,en,psychologist,transparent
ru,психологический,en,psychological,transparent
ru,психология,en,psychology,altered
ru,псориаз,en,psoriasis,transparent
ru,публикация,en,publication,transparent
ru,публицист,en,publicist,transparent
ru,пудинг,en,pudding,transparent
ru,пума,en,puma,transparent
ru,пунктуальность,en,punctuality,transparent
ru,пунктуация,en,punctuation,transparent
ru,пунта,en,punta,transparent
ru,раввин,en,rabbi,transparent
ru,радар,en,radar,transparent
ru,радиатор,en,radiator,transparent
ru,радиация,en,radiation,transparent
ru,радий,en,radium,transparent
ru,радикализм,en,radicalism,transparent
ru,радикальный,en,radical,transparent
ru,радио,en,radio,transparent
ru,радиоактивный,en,radioactive,transparent
ru,радиология,en,radiology,transparent
ru,радон,en,radon,transparent
ru,райдер,en,rider,transparent
ru,ралли,en,rally,transparent
ru,раптор,en,raptor,transparent
ru,расизм,en,racism,transparent
ru,ратификация,en,ratification,transparent
ru,рацион,en,ration,transparent
ru,рационализм,en,rationalism,transparent
ru,рациональность,en,rationality,transparent
ru,реабилитация,en,rehabilitation,transparent
ru,реагент,en,reagent,transparent
ru,реактор,en,reactor,transparent
ru,реакция,en,reaction,transparent
ru,реализация,en,realisation,transparent
ru,реализм,en,realism,transparent
ru,реалистический,en,realistic,transparent
ru,реанимировать,en,reanimate,transparent
ru,ревизия,en,revision,altered
ru,револьвер,en,revolver,transparent
ru,революционный,en,revolutionary,altered
ru,революция,en,revolution,transparent
ru,ревю,en,revue,transparent
ru,регата,en,regatta,transparent
ru,регент,en,regent,transparent
ru,регион,en,region,transparent
ru,региональный,en,regional,transparent
ru,регистратор,en,registrar,altered
ru,регистрация,en,registration,transparent
ru,регресс,en,regression,transparent
ru,регулировать,en,regulate,transparent
ru,регулятор,en,regulator,transparent
ru,регуляция,en,regulation,transparent
ru,редактор,en,editor,transparent
ru,редукция,en,reduction,transparent
ru,режим,en,regime,transparent
ru,резерв,en,reserve,transparent
ru,резидент,en,resident,transparent
ru,резолюция,en,resolution,transparent
ru,резюме,en,resume,transparent
ru,реинкарнация,en,reincarnation,transparent
ru,рейтинг,en,rating,transparent
ru,реконструкция,en,reconstruction,transparent
ru,рекреационный,en,recreational,altered
ru,рекс,en,rex,transparent
ru,релаксация,en,relaxation,transparent
ru,религиозный,en,religious,transparent
ru,религия,en,religion,transparent
ru,реликвия,en,relic,altered
ru,ремикс,en,remix,transparent
ru,ремиссия,en,remission,transparent
ru,ренессанс,en,renaissance,altered
ru,репертуар,en,repertoire,transparent
ru,репетиция,en,repetition,altered
ru,реплика,en,replica,transparent
ru,репо,en,repo,transparent
ru,репортаж,en,reportage,transparent
ru,репрезентация,en,representation,altered
ru,репрессия,en,repression,transparent
ru,реприза,en,reprise,transparent
ru,репродукция,en,reproduction,transparent
ru,рептилия,en,reptile,altered
ru,репутация,en,reputation,transparent
ru,респект,en,respect,transparent
ru,респондент,en,respond,altered
ru,республика,en,republic,transparent
ru,реституция,en,restitution,transparent
ru,ресторан,en,restaurant,transparent
ru,ретро,en,retro,transparent
ru,референдум,en,referendum,transparent
ru,рефери,en,referee,altered
ru,рефлекс,en,reflex,transparent
ru,рефлексия,en,reflection,transparent
ru,рефлектор,en,reflector,transparent
ru,рефлюкс,en,reflux,transparent
ru,реформа,en,reform,transparent
ru,реформация,en,reformation,transparent
ru,реформист,en,reformist,transparent
ru,рецепт,en,recipe,altered
ru,рецептор,en,receptor,transparent
ru,рига,en,rig,transparent
ru,риск,en,risk,transparent
ru,ритм,en,rhythm,transparent
ru,риф,en,riff,transparent
ru,ро,en,rho,transparent
ru,робот,en,robot,transparent
ru,родео,en,rodeo,transparent
ru,рокер,en,rocker,transparent
ru,роллер,en,roller,transparent
ru,роль,en,role,transparent
ru,роман,en,roman,transparent
ru,романс,en,romance,transparent
ru,романтический,en,romantic,altered
ru,ронин,en,ronin,transparent
ru,ротонда,en,rotunda,transparent
ru,ротор,en,rotor,transparent
ru,руанда,en,rwanda,altered
ru,рубль,en,ruble,altered
ru,румыния,en,romania,altered
ru,руно,en,rune,transparent
ru,рутина,en,routine,transparent
ru,сабля,en,sabre,altered
ru,сага,en,saga,transparent
ru,садист,en,sadist,transparent
ru,сак,en,sac,transparent
ru,саксофон,en,saxophone,transparent
ru,саламандра,en,salamander,transparent
ru,салат,en,salad,transparent
ru,салон,en,salon,transparent
ru,салют,en,salute,transparent
ru,салями,en,salami,transparent
ru,самба,en,samba,transparent
ru,санаторий,en,sanatorium,altered
ru,санкция,en,sanction,altered
ru,санскрит,en,sanskrit,transparent
ru,сантиметр,en,centimeter,altered
ru,сарказм,en,sarcasm,transparent
ru,саркома,en,sarcoma,transparent
ru,саркофаг,en,sarcophagus,altered
ru,сатана,en,satan,transparent
ru,сатина,en,satin,transparent
ru,сатирик,en,satirist,transparent
ru,сатурн,en,saturn,transparent
ru,сауна,en,sauna,transparent
ru,сафари,en,safari,transparent
ru,свастика,en,swastika,transparent
ru,сегмент,en,segment,transparent
ru,сегрегация,en,segregation,transparent
ru,седан,en,sedan,transparent
ru,седативный,en,sedative,transparent
ru,сезам,en,sesame,altered
ru,сезонный,en,seasonal,altered
ru,сейсмический,en,seismic,transparent
ru,секретариат,en,secretariat,transparent
ru,секс,en,sex,transparent
ru,сексист,en,sexist,transparent
ru,сексуальность,en,sexuality,transparent
ru,секта,en,sect,altered
ru,сектор,en,sector,transparent
ru,секция,en,section,transparent
ru,селекция,en,selection,transparent
ru,селфи,en,selfie,transparent
ru,семестр,en,semester,transparent
ru,семинар,en,seminar,transparent
ru,сенат,en,senate,transparent
ru,сенатор,en,senator,transparent
ru,сенсационный,en,sensational,altered
ru,сенсация,en,sensation,transparent
ru,сенсор,en,sensor,transparent
ru,сентиментальный,en,sentimental,transparent
ru,сентябрь,en,september,altered
ru,сепаратист,en,separatist,transparent
ru,сепаратный,en,separately,transparent
ru,сепаратор,en,separator,transparent
ru,сепсис,en,sepsis,transparent
ru,серафим,en,seraph,altered
ru,серенада,en,serenade,transparent
ru,сержант,en,sergeant,transparent
ru,сериал,en,serial,transparent
ru,серия,en,series,transparent
ru,серотонин,en,serotonin,transparent
ru,серф,en,serf,transparent
ru,сессия,en,session,transparent
ru,сибирь,en,siberia,transparent
ru,сигара,en,cigar,transparent
ru,сигарета,en,cigarette,transparent
ru,сигма,en,sigma,transparent
ru,сиеста,en,siesta,transparent
ru,силикат,en,silicate,transparent
ru,силос,en,silo,transparent
ru,силуэт,en,silhouette,transparent
ru,символизировать,en,symbolize,altered
ru,символизм,en,symbolism,transparent
ru,симметрия,en,symmetry,transparent
ru,симпатия,en,sympathy,transparent
ru,симпозиум,en,symposium,transparent
ru,симптом,en,symptom,transparent
ru,симулировать,en,simulate,altered
ru,симулятор,en,simulator,transparent
ru,симуляция,en,simulation,transparent
ru,симфонический,en,symphonic,altered
ru,синагога,en,synagogue,altered
ru,синапс,en,synapse,transparent
ru,синдикат,en,syndicate,transparent
ru,синдром,en,syndrome,transparent
ru,синоним,en,synonym,transparent
ru,синопсис,en,synopsis,transparent
ru,синт,en,synth,transparent
ru,синтаксис,en,syntax,transparent
ru,синтезатор,en,synthesizer,altered
ru,синус,en,sinus,transparent
ru,синхронизация,en,synchronization,altered
ru,синхронизировать,en,synchronise,altered
ru,сион,en,zion,altered
ru,сионизм,en,zionism,altered
ru,сионист,en,zionist,altered
ru,сириус,en,sirius,transparent
ru,система,en,system,altered
ru,систематический,en,systematic,altered
ru,ситуация,en,situation,transparent
ru,сифилис,en,syphilis,transparent
ru,сифон,en,siphon,altered
ru,скандал,en,scandal,transparent
ru,скелет,en,skeleton,transparent
ru,скептик,en,skeptic,transparent
ru,ски,en,ski,transparent
ru,склероз,en,sclerosis,altered
ru,сколиоз,en,scoliosis,transparent
ru,скорпион,en,scorpion,transparent
ru,скульптор,en,sculptor,transparent
ru,скульптура,en,sculpture,altered
ru,скульптурный,en,sculptural,transparent
ru,скутер,en,scooter,transparent
ru,слалом,en,slalom,transparent
ru,слоган,en,slogan,transparent
ru,снайпер,en,sniper,transparent
ru,сноб,en,snob,transparent
ru,советский,en,soviet,altered
ru,совиньон,en,sauvignon,altered
ru,сода,en,soda,transparent
ru,солидарность,en,solidarity,transparent
ru,соло,en,solo,transparent
ru,сомалийский,en,somali,altered
ru,соматический,en,somatic,altered
ru,соната,en,sonata,transparent
ru,сонет,en,sonnet,transparent
ru,сопрано,en,soprano,transparent
ru,софа,en,sofa,transparent
ru,софт,en,soft,transparent
ru,социализм,en,socialism,transparent
ru,социалист,en,socialist,altered
ru,социальный,en,social,transparent
ru,социология,en,sociology,transparent
ru,спазм,en,spasm,transparent
ru,спар,en,spar,transparent
ru,спектр,en,spectrum,transparent
ru,спектральный,en,spectral,transparent
ru,спектроскопия,en,spectroscopy,transparent
ru,спекулировать,en,speculate,transparent
ru,спекуляция,en,speculation,transparent
ru,сперма,en,sperm,transparent
ru,спец,en,spec,transparent
ru,специализация,en,specialisation,altered
ru,специализировать,en,specialize,altered
ru,специализироваться,en,specialise,transparent
ru,специалист,en,specialist,transparent
ru,специальный,en,special,transparent
ru,специфически,en,specifically,transparent
ru,спидометр,en,speedometer,altered
ru,спираль,en,spiral,altered
ru,спирит,en,spirit,transparent
ru,спонсор,en,sponsor,transparent
ru,спонтанный,en,spontaneous,transparent
ru,спорт,en,sport,transparent
ru,спрей,en,spray,transparent
ru,спринт,en,sprint,transparent
ru,спутник,en,sputnik,transparent
ru,стабилизация,en,stabilization,transparent
ru,стагнация,en,stagnation,transparent
ru,стадион,en,stadium,transparent
ru,сталкер,en,stalker,transparent
ru,стандарт,en,standard,transparent
ru,стандартизировать,en,standardize,altered
ru,станция,en,station,transparent
ru,стартер,en,starter,transparent
ru,статистический,en,statistical,transparent
ru,статус,en,status,transparent
ru,степь,en,steppe,transparent
ru,стерео,en,stereo,transparent
ru,стерилизовать,en,sterilize,transparent
ru,стикер,en,sticker,transparent
ru,стилист,en,stylist,transparent
ru,стилистический,en,stylistic,transparent
ru,стилус,en,stylus,transparent
ru,стиль,en,style,transparent
ru,стимулировать,en,stimulate,transparent
ru,стимуляция,en,stimulation,altered
ru,стратегический,en,strategic,altered
ru,стратегия,en,strategy,transparent
ru,стратификация,en,stratification,transparent
ru,стратосфера,en,stratosphere,transparent
ru,стресс,en,stress,transparent
ru,стронций,en,strontium,transparent
ru,студент,en,student,transparent
ru,студия,en,studio,transparent
ru,ступор,en,stupor,transparent
ru,суахили,en,swahili,transparent
ru,субмарина,en,submarine,altered
ru,субординация,en,subordination,transparent
ru,субъект,en,subject,transparent
ru,субъективность,en,subjectivity,altered
ru,субъективный,en,subjective,transparent
ru,сувенир,en,souvenir,transparent
ru,судан,en,sudan,transparent
ru,судоку,en,sudoku,transparent
ru,суицид,en,suicide,transparent
ru,султан,en,sultan,transparent
ru,суннит,en,sunni,altered
ru,супер,en,super,transparent
ru,суперзвезда,en,superstar,altered
ru,суперкомпьютер,en,supercomputer,transparent
ru,супермаркет,en,supermarket,transparent
ru,супермен,en,superman,transparent
ru,суспензия,en,suspension,transparent
ru,сфинкс,en,sphinx,transparent
ru,схема,en,scheme,transparent
ru,сцена,en,scene,transparent
ru,сценарий,en,scenario,transparent
ru,сюрреализм,en,surrealism,transparent
ru,сёгун,en,shogun,transparent
ru,сёрфер,en,surfer,transparent
ru,табак,en,tobacco,transparent
ru,таблица,en,table,altered
ru,табу,en,taboo,transparent
ru,тайга,en,taiga,transparent
ru,тайм,en,time,transparent
ru,таймер,en,timer,transparent
ru,тайминг,en,timing,transparent
ru,такси,en,taxis,transparent
ru,такт,en,tact,transparent
ru,тактильный,en,tactile,altered
ru,тактический,en,tactical,altered
ru,талант,en,talent,transparent
ru,талисман,en,talisman,transparent
ru,тампон,en,tampon,transparent
ru,танго,en,tango,transparent
ru,тандем,en,tandem,transparent
ru,танк,en,tank,transparent
ru,танкер,en,tanker,transparent
ru,тантра,en,tantra,transparent
ru,тарантул,en,tarantula,altered
ru,тариф,en,tariff,transparent
ru,тасмания,en,tasmania,transparent
ru,татарин,en,tatar,transparent
ru,татуировка,en,tattoo,altered
ru,твистер,en,twister,transparent
ru,театр,en,theater,altered
ru,театральный,en,theatrical,altered
ru,тезис,en,thesis,altered
ru,текила,en,tequila,altered
ru,текст,en,text,transparent
ru,текстиль,en,textile,transparent
ru,телеграмма,en,telegram,altered
ru,телеграф,en,telegraph,transparent
ru,телек,en,telecom,transparent
ru,телекоммуникация,en,telecommunication,transparent
ru,телепатия,en,telepathy,altered
ru,телепорт,en,teleport,transparent
ru,телепортация,en,teleportation,transparent
ru,телескоп,en,telescope,transparent
ru,телефон,en,telephone,transparent
ru,тема,en,theme,transparent
ru,темп,en,tempo,altered
ru,темперамент,en,temperament,transparent
ru,температура,en,temperature,transparent
ru,тенденция,en,tendency,transparent
ru,тензор,en,tensor,transparent
ru,теннис,en,tennis,transparent
ru,тент,en,tent,transparent
ru,теология,en,theology,transparent
ru,теоретический,en,theoretical,transparent
ru,термин,en,terminus,altered
ru,терминал,en,terminal,transparent
ru,терминология,en,terminology,transparent
ru,термодинамический,en,thermodynamic,altered
ru,термос,en,thermos,transparent
ru,терра,en,terra,transparent
ru,террариум,en,terrarium,transparent
ru,терраса,en,terrace,transparent
ru,территориальный,en,territorial,transparent
ru,территория,en,territory,transparent
ru,террор,en,terror,transparent
ru,террорист,en,terrorist,transparent
ru,тестер,en,tester,transparent
ru,тестостерон,en,testosterone,transparent
ru,тета,en,theta,transparent
ru,тетра,en,tetra,transparent
ru,тетрис,en,tetris,transparent
ru,технический,en,technical,transparent
ru,техно,en,techno,transparent
ru,технолог,en,technologist,transparent
ru,технология,en,technology,transparent
ru,тигр,en,tiger,altered
ru,тизер,en,teaser,transparent
ru,типичный,en,typical,altered
ru,тиран,en,tyrant,transparent
ru,тирания,en,tyranny,transparent
ru,титан,en,titan,transparent
ru,титанический,en,titanic,transparent
ru,титул,en,title,transparent
ru,тиф,en,typhus,altered
ru,тога,en,toga,transparent
ru,токсичный,en,toxic,transparent
ru,толерантность,en,tolerance,transparent
ru,тонер,en,toner,transparent
ru,тоник,en,tonic,transparent
ru,тонна,en,ton,transparent
ru,топаз,en,topaz,transparent
ru,топика,en,topic,transparent
ru,топология,en,topology,transparent
ru,тор,en,torus,altered
ru,торий,en,thorium,transparent
ru,торпеда,en,torpedo,transparent
ru,торрент,en,torrent,transparent
ru,торс,en,torso,transparent
ru,тост,en,toast,transparent
ru,тотальный,en,total,transparent
ru,тотем,en,totem,transparent
ru,травма,en,trauma,transparent
ru,травматический,en,traumatic,transparent
ru,трагедия,en,tragedy,transparent
ru,трагик,en,tragic,altered
ru,традиционный,en,traditional,transparent
ru,традиция,en,tradition,transparent
ru,траектория,en,trajectory,transparent
ru,тракт,en,tract,transparent
ru,трактор,en,tractor,transparent
ru,трамвай,en,tram,altered
ru,транзистор,en,transistor,transparent
ru,транзит,en,transit,altered
ru,транквилизатор,en,tranquillity,altered
ru,трансгендер,en,transgender,transparent
ru,транскрипция,en,transcription,transparent
ru,трансмиссия,en,transmission,transparent
ru,транснациональный,en,transnational,altered
ru,транспондер,en,transponder,transparent
ru,транспорт,en,transport,transparent
ru,трансформация,en,transformation,transparent
ru,трансформер,en,transformer,transparent
ru,трап,en,trap,transparent
ru,трапеция,en,trapeze,altered
ru,трафик,en,traffic,transparent
ru,тремор,en,tremor,transparent
ru,тренд,en,trend,transparent
ru,триада,en,triad,transparent
ru,триатлон,en,triathlon,transparent
ru,трибунал,en,tribunal,transparent
ru,тригонометрия,en,trigonometry,transparent
ru,триллион,en,trillion,altered
ru,трилогия,en,trilogy,altered
ru,триместр,en,trimester,transparent
ru,трио,en,trio,transparent
ru,триплет,en,triple,altered
ru,триумф,en,triumph,altered
ru,триумфальный,en,triumphal,transparent
ru,тромбоз,en,thrombosis,altered
ru,тромбон,en,trombone,transparent
ru,тропический,en,tropical,altered
ru,трофей,en,trophy,transparent
ru,троян,en,trojan,transparent
ru,туба,en,tuba,transparent
ru,тундра,en,tundra,transparent
ru,туника,en,tunic,transparent
ru,турбо,en,turbo,transparent
ru,турбулентность,en,turbulence,transparent
ru,туризм,en,tourism,transparent
ru,турин,en,turin,transparent
ru,турист,en,tourist,transparent
ru,тюльпан,en,tulip,altered
ru,уганда,en,uganda,transparent
ru,уефа,en,uefa,transparent
ru,ультиматум,en,ultimatum,transparent
ru,ультра,en,ultra,transparent
ru,универсальный,en,universal,transparent
ru,университет,en,university,transparent
ru,унисон,en,unison,transparent
ru,уран,en,uranium,transparent
ru,урология,en,urology,transparent
ru,утилита,en,utility,transparent
ru,утопия,en,utopia,transparent
ru,фабрика,en,fabric,transparent
ru,фавор,en,favour,transparent
ru,фаворит,en,favourite,altered
ru,факс,en,fax,transparent
ru,фактор,en,factor,transparent
ru,фактория,en,factory,transparent
ru,факультет,en,faculty,transparent
ru,фаланга,en,phalanx,transparent
ru,фан,en,fan,transparent
ru,фанатик,en,fanatic,altered
ru,фанк,en,funk,transparent
ru,фантазия,en,fantasia,transparent
ru,фантастический,en,fantastic,transparent
ru,фантом,en,phantom,transparent
ru,фанфара,en,fanfare,transparent
ru,фасад,en,façade,transparent
ru,фатальный,en,fatal,altered
ru,фауна,en,fauna,transparent
ru,фашист,en,fascist,transparent
ru,федеральный,en,federal,transparent
ru,федерация,en,federation,transparent
ru,фенол,en,phenol,transparent
ru,феномен,en,phenomenon,transparent
ru,феноменология,en,phenomenology,transparent
ru,фенотип,en,phenotype,transparent
ru,фердинанд,en,ferdinand,altered
ru,фермент,en,ferment,transparent
ru,фертильность,en,fertility,transparent
ru,фестиваль,en,festival,transparent
ru,фи,en,phi,transparent
ru,фиброз,en,fibrosis,altered
ru,физиологический,en,physiological,transparent
ru,физиология,en,physiology,transparent
ru,физиотерапия,en,physiotherapy,altered
ru,фиксация,en,fixation,transparent
ru,филармонический,en,philharmonic,altered
ru,филогенетический,en,phylogenetic,altered
ru,филология,en,philology,transparent
ru,философский,en,philosophical,altered
ru,фильм,en,film,transparent
ru,фильтр,en,filter,transparent
ru,фильтрация,en,filtration,transparent
ru,финал,en,finale,transparent
ru,финальный,en,final,transparent
ru,фискальный,en,fiscal,transparent
ru,фифа,en,fifa,transparent
ru,флекс,en,flex,transparent
ru,флора,en,flora,transparent
ru,флорин,en,florin,transparent
ru,флуктуация,en,fluctuation,transparent
ru,фокус,en,focus,transparent
ru,фолликул,en,follicle,transparent
ru,фонд,en,fond,transparent
ru,фонетический,en,phonetic,transparent
ru,фонограф,en,phonograph,altered
ru,форекс,en,forex,transparent
ru,форма,en,forma,transparent
ru,формальный,en,formal,transparent
ru,формат,en,format,transparent
ru,формулировать,en,formulate,transparent
ru,форт,en,fort,transparent
ru,фосфат,en,phosphate,transparent
ru,фосфор,en,phosphorus,transparent
ru,фосфорилирование,en,phosphorylation,altered
ru,фото,en,photo,transparent
ru,фотография,en,photograph,transparent
ru,фотожурналист,en,photojournalist,transparent
ru,фотон,en,photon,transparent
ru,фотосинтез,en,photosynthesis,altered
ru,фотошоп,en,photoshop,transparent
ru,фрагмент,en,fragment,transparent
ru,фракция,en,faction,transparent
ru,франц,en,franz,transparent
ru,фрегат,en,frigate,transparent
ru,фронт,en,front,transparent
ru,фронтальный,en,frontal,transparent
ru,фторид,en,fluoride,transparent
ru,фуга,en,fugue,altered
ru,фундамент,en,foundation,transparent
ru,фундаментальный,en,fundamental,transparent
ru,функциональность,en,functionality,transparent
ru,функция,en,function,transparent
ru,фураж,en,forage,altered
ru,футбол,en,football,transparent
ru,футурист,en,futurist,transparent
ru,фьорд,en,fjord,transparent
ru,фюзеляж,en,fuselage,altered
ru,фюрер,en,führer,transparent
ru,хайку,en,haiku,transparent
ru,хакер,en,hacker,transparent
ru,хамелеон,en,chameleon,transparent
ru,хамза,en,hamza,transparent
ru,хан,en,khan,transparent
ru,хаос,en,chaos,transparent
ru,характер,en,character,transparent
ru,харизма,en,charisma,transparent
ru,харольд,en,harold,altered
ru,хиджаб,en,hijab,transparent
ru,химера,en,chimera,transparent
ru,хиппи,en,hippy,transparent
ru,хлорид,en,chloride,transparent
ru,хлороформ,en,chloroform,altered
ru,хобби,en,hobby,transparent
ru,холдер,en,holder,transparent
ru,холера,en,cholera,altered
ru,холестерин,en,cholesterol,transparent
ru,холокост,en,holocaust,transparent
ru,хор,en,chorus,transparent
ru,хореография,en,choreography,transparent
ru,хоррор,en,horror,transparent
ru,хостел,en,hostel,transparent
ru,хромосома,en,chromosome,transparent
ru,хронический,en,chronic,transparent
ru,хронограф,en,chronograph,transparent
ru,хукер,en,hooker,transparent
ru,хулиган,en,hooligan,transparent
ru,царь,en,tsar,transparent
ru,цезарь,en,caesar,altered
ru,целлюлит,en,cellulite,altered
ru,цельсий,en,celsius,altered
ru,цемент,en,cement,transparent
ru,центр,en,center,transparent
ru,централизация,en,centralization,transparent
ru,централизовать,en,centralize,transparent
ru,центральный,en,central,transparent
ru,центурион,en,centurion,transparent
ru,церебральный,en,cerebral,altered
ru,цивилизация,en,civilization,altered
ru,цивилизовать,en,civilize,transparent
ru,цилиндр,en,cylinder,altered
ru,циник,en,cynic,transparent
ru,циничный,en,cynical,transparent
ru,цинк,en,zinc,altered
ru,цирк,en,circus,altered
ru,циркуляция,en,circulation,transparent
ru,цирроз,en,cirrhosis,altered
ru,цифра,en,cipher,altered
ru,цунами,en,tsunami,altered
ru,чакра,en,chakra,transparent
ru,чемпион,en,champion,transparent
ru,чемпионшип,en,championship,transparent
ru,чили,en,chilli,transparent
ru,шаман,en,shaman,transparent
ru,шампанский,en,champagne,altered
ru,шарлатан,en,charlatan,altered
ru,шейх,en,sheikh,altered
ru,шеф,en,chef's,transparent
ru,шизофреник,en,schizophrenic,altered
ru,шик,en,chic,transparent
ru,шимпанзе,en,chimpanzee,transparent
ru,школа,en,school,altered
ru,шпинат,en,spinach,altered
ru,шпионаж,en,espionage,altered
ru,штамп,en,stamp,transparent
ru,штейн,en,stein,altered
ru,шторм,en,storm,transparent
ru,эвакуация,en,evacuation,transparent
ru,эвакуировать,en,evacuate,transparent
ru,эвкалипт,en,eucalyptus,altered
ru,эволюция,en,evolution,transparent
ru,эврика,en,eureka,altered
ru,эвтаназия,en,euthanasia,transparent
ru,эго,en,ego,transparent
ru,эзотерический,en,esoteric,transparent
ru,экзамен,en,exam,transparent
ru,экзит,en,exit,transparent
ru,экзорцист,en,exorcist,altered
ru,экзотический,en,exotic,transparent
ru,экологически,en,ecologically,altered
ru,экологический,en,ecological,transparent
ru,экология,en,ecology,transparent
ru,экономический,en,economic,transparent
ru,экосистема,en,ecosystem,transparent
ru,экскурсия,en,excursion,altered
ru,экспедиция,en,expedition,transparent
ru,экспериментальный,en,experimental,transparent
ru,экспериментировать,en,experiment,transparent
ru,эксперт,en,expert,transparent
ru,эксплуатация,en,exploitation,transparent
ru,экспо,en,expo,transparent
ru,экспонент,en,exponent,transparent
ru,экспорт,en,export,transparent
ru,экспресс,en,express,transparent
ru,экспрессия,en,expression,transparent
ru,экспроприация,en,expropriation,transparent
ru,экстра,en,extra,transparent
ru,экстракт,en,extract,transparent
ru,экстремизм,en,extremism,transparent
ru,экстремист,en,extremist,transparent
ru,эксцентричный,en,eccentric,altered
ru,эластичный,en,elastic,altered
ru,элеватор,en,elevator,transparent
ru,элегантность,en,elegance,altered
ru,элегантный,en,elegant,transparent
ru,элегия,en,elegy,transparent
ru,электрик,en,electrics,altered
ru,электрический,en,electric,transparent
ru,электричество,en,electricity,altered
ru,электрод,en,electrode,transparent
ru,электрон,en,electron,transparent
ru,электроника,en,electronics,transparent
ru,электронный,en,electronically,altered
ru,элемент,en,element,transparent
ru,элементарный,en,elementary,transparent
ru,элита,en,elite,transparent
ru,эллипс,en,ellipse,transparent
ru,эмбер,en,ember,transparent
ru,эмбрион,en,embryo,transparent
ru,эмигрант,en,emigrant,transparent
ru,эмиграция,en,emigration,transparent
ru,эмир,en,emir,transparent
ru,эмиссия,en,emission,altered
ru,эмодзи,en,emoji,transparent
ru,эмоциональный,en,emotional,transparent
ru,эмпатия,en,empathy,transparent
ru,эмпирический,en,empirical,transparent
ru,энергичный,en,energetic,altered
ru,энергия,en,energy,transparent
ru,энигма,en,enigma,altered
ru,энтомология,en,entomology,transparent
ru,энциклопедия,en,encyclopedia,transparent
ru,эпидемия,en,epidemic,altered
ru,эпический,en,epic,transparent
ru,эпоха,en,epoch,transparent
ru,эпсилон,en,epsilon,transparent
ru,эра,en,era,transparent
ru,эрг,en,erg,transparent
ru,эрозия,en,erosion,transparent
ru,эскалация,en,escalation,transparent
ru,эскорт,en,escort,altered
ru,эспрессо,en,espresso,transparent
ru,этанол,en,ethanol,transparent
ru,этил,en,ethyl,transparent
ru,этиология,en,etiology,transparent
ru,этнический,en,ethnic,transparent
ru,этно,en,ethno,transparent
ru,этюд,en,etude,transparent
ru,эфир,en,ether,transparent
ru,эффект,en,effect,transparent
ru,юбилей,en,jubilee,transparent
ru,юмор,en,humor,transparent
ru,юниор,en,junior,transparent
ru,юпитер,en,jupiter,transparent
ru,юрисдикция,en,jurisdiction,altered
ru,ягуар,en,jaguar,altered
ru,як,en,yak,transparent
ru,январь,en,january,altered
